index,class,text,ethnic_keyword,christian|christians,muslim|muslims|islam|islamic,northern|northerner|northerners|arewa|almajiri,southern|southerner|southerners,hausa|hausas,fulani|fulanis,yoruba|yorubas,igbo|ibo|ibos|igbos,women|woman|girl|girls|female|females,lgbt|lgbtq|lgbtq+|gay|gays|lesbian|lesbians|transgender|transgenders,herdsmen|herdsman,eastern|easterner|easterners|biafra,name,,
420,0,"RT @DrOlufunmilayo: What #EndSARS is NOT:
It is NOT Christians vs Muslims
It is NOT North vs South ethnic war
It is NOT Gay vs AntiGay Righ�",christian|christians,,,,,,,,,,,,,Haaya,,
104,2,@MaziNnamdiKanu Aturu hausa. I thought you said you are Judaism? What's your business with Christians? Bishop Kukah is nothing but a hypocrite! An agent of destructions. Onye nzuzu echiri bishop. May he die shamefully! Just like your useless parents....,christian|christians,1,,,,,,,,,,,,Haaya,,
226,2,"@channelstv @sunrisedailynow @chamberlainusoh @GimbaUmarCTV This man @elrufa is a fool, if Christians were to behave like Muslims, they will start burning houses.
Mad religious begot.
efulefu. Aturu",christian|christians,,1,,,,,,,,,,,Haaya,,
66,2,"Your one of the lazy almajiris Buhari talked about, your Emir's whole family was adducted today hundreds killed and your useless excellent intelligence can't track them it's only on christians and Igbos they know how to work useless parasites! https://t.co/ocrvRPL7I8",christian|christians,,,1,,,,,,,,,,Haaya,,
54,2,@olise_c @USEmbassyAbuja @Mazianozie @NigAirForce @USAfricaCommand @SierraNevCorp @embraer Oh my God...Mr cockroach...pls are the Boko haram Christians?...why do you have to internationalize your stupidity... Do your Biafra thing without lies pls.,christian|christians,,,,,,,,,,,,1,Haaya,,
302,1,"@Imamofpeace Who is raping and killing Christians and where? You are trying to instigate to cause unrest in our country. I see. 
May Allah wrath visit you. U are the type that give's Muslims bad image. May u no know peace.",christian|christians,,,,,,,,,,,,,Haaya,,
416,2,"RT @Real_AdaKing: Under @MBuhari, Nigeria is a Killing field for defenceless Christians. Fulani jihadist (Killer Fulani Herdsmen) have slau�",christian|christians,,,,,,1,,,,,1,,Haaya,,
161,1,"@BlewynA @cazyp @miqdaad I'm sorry to say but that's a really dumb thing to do, I can equally pick the New Zealand mosque shooter and say he represent Christianity because he identifies as a Christian. By the way there are Muslims who don't believe what ur friends do, so would you say they aren't Muslims",christian|christians,,,,,,,,,,,,,Haaya,,
17,2,"Seeing as Muslim guys are mostly scums, I wont b surprised if in the coming years, Muslimah starts getting married to Christians.",christian|christians,,1,,,,,,,,,,,Haaya,,
419,0,I want to specifically say that the silence of @UN over the mass murder of defenseless Christians in Southern Kaduna shows the extent to which they are worthless. It�s more convenient for the organization speak in support of LGBT than the mass murder of helpless Africans.,christian|christians,,,,,,,,,,,,,Haaya,,
202,0,"@renoomokri @aishamusagarba But wait o...what brought Christians, evil doer, southerners, pig comment under an harmless relationship advice?",christian|christians,,,,,,,,,,,,,Haaya,,
33,0,"My Christian borders(gospel artist) buzzd me up saying am a worldly singer.But..Him dy smoke igbo,dy drink shayo pass me,e dy lash choir gals,e dy carry olosho,e dy do gee,e get sugar mummy.Abeg na who ur gospel song done help.bro u must b a mad idiot.sense dey pain u. Werey oshi",christian|christians,,,,,,,,,,,,,Haaya,,
301,2,@AdetolaOlutosin Don't know why people just don't get that we and the northerners all suffer from the same thing and southerners forget that the reason they are christians is because of rape and murder,christian|christians,1,,,,,,,,,,,,Haaya,,
141,2,@RealOlaudah Should worry his southern Christian morons.,christian|christians,1,,,1,,,,,,,,,Haaya,,
361,2,"RT @scanaranbaxy: This is How you Know FUCKING BIGOTS.
Religion Fanatics.

Fulani Terrorist Kill Christians in Your Own Country Everyday,�",christian|christians,,,,,,1,,,,,,,Haaya,,
0,1,"@IshaqAkintola It is either you are being mischievous or plain stupid. The argument was not about Christians or Muslims but about North/South dichotomy. Victor Malu, Luka Yusuf and Martins Agwai are not from the South. They are Middlebelt Christians. Don't twist it.",christian|christians,,,,,,,,,,,,,Haaya,,
105,3,@undiplomatmrbr1 @mmbinji @CreekBoy14 @thecableng Forget the useless aboki..as if the North is a monolithic society..indigenous Christians and Muslims in the North are 50/50 .but they have used all sorts of religious banditry to silence those ones. Bigotry is there main weapon. Alamajiris are there foot soldiers. Bastard,christian|christians,,,,,,,,,,,,,Haaya,,
300,2,"When will Black Lives Matter speak about the daily persecution of Christians in Africa, especially Nigeria? The Islamist Extremist fanatic Fulani Tribe of Buhari is literally video recording their rape of Christian women in public and sharing it on social media.
@Imamofpeace",christian|christians,,1,,,,,,,,,,,Haaya,,
142,1,"RT @arafrika: Kenyans; Muslims and Christians came together during #Westgate. In Nigeria, religious morons will trade jabs yet they'll want�",christian|christians,,,,,,,,,,,,,Haaya,,
415,0,"RT @Onyeckerous: ""Bombs do not discriminate; they kill Muslims, Christians, and Atheists; they don�t separate northerners from southerners;�",christian|christians,,,,,,,,,,,,,Haaya,,
201,3,"@addraz2000 @Mista_Bim @channelstv Who is paying ? Is this not a secular state ? The mission schools were taken by force during military rule by a Muslim ruler. Can Muslim schools allow d use of Songs of Praise or allow Christian students to rear pigs ? Muslims too can tolerate this, let be sincere.",christian|christians,,,,,,,,,,,,,Haaya,,
410,1,"RT @gimbakakanda: This is unacceptable, and both Muslims and Christians are guilty of this. When my office was on Mambolo Street, Wuse Zone�",christian|christians,,,,,,,,,,,,,Haaya,,
411,2,"@tenithetailor 2. She must be chaste and pure from zina. Virginity and purity and Chastity are very scarce if not inexistent amongst the Christian/Jew women today.
3. She must be from people who do not hate islam, or she must not be a person who hates Islamic teachings
4. Marrying them should :",christian|christians,,,,,,,,,1,,,,Haaya,,
409,0,RT @UcheBriggs: Another public holiday on Monday. Muslims holding it down while we Christians only celebrating the birth and death of Jesus�,christian|christians,,,,,,,,,,,,,Haaya,,
257,3,"RT @DonCorleAnn: Christian Boy aesthetic is them making vids, poems and think pieces where they slut shame women, tell us how to be proverb�",christian|christians,,,,,,,,,,,,,Haaya,,
52,2,"@MaziNnamdiKanu Before I continue, I would like to state that this idiot is ""Imam of Biafra"" he cannot be Imam in Islam because Islam does not Accommodate Homosexuality. https://t.co/XM33NCOW1t",eastern|easterner|easterners|biafra,,,,,,,,,,1,,,Haaya,,
103,1,"RT @OluchiUkadike: Please help Christians and BIAFRA.

#RejectNigeria to stop Christian genocides in Zooniger-area.

Ibrahim Magu is a dog�",eastern|easterner|easterners|biafra,,,,,,,,,,,,,Haaya,,
299,2,"Nigeria speaks about 520 languages and by origin, I am from the Eastern part, born in the Northern half, and live now in the Western side. I am well travelled and learned in it's culture. It's diversity and perplexity, whores and flaws are all I live to write for.",eastern|easterner|easterners|biafra,,,,,,,,,1,,,,Haaya,,
256,3,"@MaziNnamdiKanu @AdeboyeDeola @csmonitor @IloyeItode @PastorChrisLive @DailyPostNGR @vanguardngrnews @nassnigeria @NaijaChristian @TheNationNews @SilentNigeria Even now that they are yet to declare Biafra, we the TIV tribe some of us , we were not there during Biafra war but when we enter places like Owerri and others they treat us like animals. Igbos don't have good mind if not for the unending love that I have for @MaziNnamdiKanu",eastern|easterner|easterners|biafra,,,,,,,,,,,,,Haaya,,
86,1,"@EevsfD @KennedyNwogu4 @capo_bbg Yes, let it sink into your skull, no truth Igbo man or woman want to force you into biafra, ok. We are called Igbos, self sufficient not parasite.",eastern|easterner|easterners|biafra,,,,,,,,,,,,,Haaya,,
403,1,@channelstv The solution is very simple . Support the igbo masses to restore biafra then peace will return to the region. The igbos want equal rights and justice. COCONUT HEAD GOVERNORS,eastern|easterner|easterners|biafra,,,,,,,,,,,,,Haaya,,
123,1,"@BenjaminEbenez3 @StephenArisa1 @ThAtJaBaBoy @Ozo_Njenje @realFFK You�re absolutely stupid and senseless in that useless words of yours, there is no Biafra without Igbo, Igbo is Biafra and when we conclude everything, we will leave you with your animals Kingson",eastern|easterner|easterners|biafra,,,,,,,,,,,,,Haaya,,
298,0,".. interests, including protections for women and children. Though her rivals and critics may have painted her as a so-called ""whore in Christendom,"" Theodora eventually became�an Eastern Orthodox saint, leaving her with the final word in her own story.",eastern|easterner|easterners|biafra,,,,,,,,,,,,,Haaya,,
199,0,"This shit is so f*cking relatable ????

Buhari || Hausa || #OleOut || Tunde Bakara || NNPC || #stoploaningkenya || Owerri || Nigeria || #MoneyHeist5 || Biafra https://t.co/BNWjcf6Th7",eastern|easterner|easterners|biafra,,,,,,,,,,,,,Haaya,,
338,2,RT @BiafraHerald: Restructuring Summit: A Gathering Of Vultures To Keep Submitting The Subjugated Easterners To The Ferocious Northern Caba�,eastern|easterner|easterners|biafra,,,1,,,,,,,,,,Haaya,,
283,3,"@adamugarba Banditry,kidnappings all started from the north and are majorly people from the South eastern part and they are fulanis, so it�s right to call them fulanis same way the Northerners call Biafra IGBOS??? so stop been a sentimental bitch ??",eastern|easterner|easterners|biafra,,,,,,,,,,,,,Haaya,,
382,2,"RT @DeevaOfficial: Wake up fanatic Igbos. Whether you shout from now till next year, there is no Biafra. There is only Nigeria. Quit dreami�",eastern|easterner|easterners|biafra,,,,,,,,1,,,,,Haaya,,
489,2,Fulani herdsmen declare Jihad in letter to Bishop Oyedepo [VIDEO] https://t.co/OuPGnvgi53,fulani|fulanis,,,,,,1,,,,,1,,Haaya,,
75,3,"@TheMrnass @MFaarees_ Terrorist parasite

I am IPOB and not a terrorist 

Go and enjoy your Fulani herdsmen alone 

We don't want even the peaceful ones

Let my people go @UN @UKParliament

#Igbo
#ProIPOB
#LetMyPeopleGo

IGBO IPOB ESN BIAFRA SOUTH EAST",fulani|fulanis,,,,,,,,,,,,,Haaya,,
192,0,"@MusaYakubuMust2 @MaziNnamdiKanu Be careful with your words, igbos didn�t do shit. The first coup was carried out by different set of people from different ethnic groups, the three coups following that were carried out by the Hausa/Fulani.",fulani|fulanis,,,,,,,,,,,,,Haaya,,
492,2,RT @UncleRajj: Fulani girls are so unproblematic! But you see the men them! Wahala!,fulani|fulanis,,,,,,1,,,1,,,,Haaya,,
526,0,"RT @Beautiful_Nubia: We're supposed to think that the problems with Nigeria are killer Fulani herdsmen, rabblerousing Yoruba thug-statesmen�",fulani|fulanis,,,,,,,,,,,,,Haaya,,
314,2,"9 Fulani herdsmen gang-rape 15-yr-old girl, 2 housewives http://t.co/CMMUGqilfh",fulani|fulanis,,,,,,1,,,,,1,,Haaya,,
292,3,@maikwagga @NigeriaNewsdesk @NaijaNews The man who paid fulani herdsmen �nd called southern women whores..it is worth the explosion,fulani|fulanis,,,,,,,,,,,,,Haaya,,
503,2,"RT @highbeely: Since Buhari doesn't know what to do, someone has finally provided solution to the menace of Fulani herdsmen ? https://t.co/�",fulani|fulanis,,,,,,1,,,,,1,,Haaya,,
24,0,"I absolutely agree with this, can we also agree that
1. Not all men are scum
2. Women aren't always right
3. Not all fulanis are killers
4. Not all Igbos are cunning
5. Not all Yorubas are demons
6. Not influencers have sense https://t.co/VBkArWNdM4",fulani|fulanis,,,,,,,,,,,,,Haaya,,
495,0,"Outrage As Fulani Herdsmen Massacre 36 Benue Residents, College�Students https://t.co/oyutYETC5q",fulani|fulanis,,,,,,,,,,,,,Haaya,,
518,2,"RT @Real_AmakaIke: �I�ll no longer announce the deaths of those killed by Fulani herdsmen, rise up &amp; defend yourselves with weapons not pro�",fulani|fulanis,,,,,,1,,,,,1,,Haaya,,
490,0,"RT @Engr_Series: Fulani herdsmen allegedly killed over 15 people, burnt down several vehicles, as well as the palace of a Traditional ruler�",fulani|fulanis,,,,,,,,,,,,,Haaya,,
520,0,"Photos: Fulani herdsmen attack Agatu LGA in Benue, killed many, set village ablaze, view at https://t.co/RLdyfZRg0f",fulani|fulanis,,,,,,,,,,,,,Haaya,,
98,1,@trueNija @SaharaReporters it's APC that unleashed boko haram and their fulani herdsmen on us. APC is playing DOGS and BABOONS politics,fulani|fulanis,,,,,,,,,,,,,Haaya,,
533,0,"RT @henryshield: It�s amazing. Sunday Igboho�s only crime was asking that Fulani herdsmen stop killing his people. 

That�s why security fo�",fulani|fulanis,,,,,,,,,,,,,Haaya,,
279,3,@ubedison @Wahrheitnur1 @surestsemi @Jennife05521126 @pedroObiRsm @UchePOkoye @DoDeRightThing What is this one talking about? You much be living under a rock or just plain ignorant to think igbos have no history or culture. The other things you stated makes no sense and you�re just blabbing at this point. Igbos refuse to be bitches to the Hausa/Fulani unlike the rest.,fulani|fulanis,,,,,,,,,,,,,Haaya,,
25,3,RT @AbangMercy: PDP Candidates = Ijaw + Hausa/Fulani - APC Candidates = Hausa/Fulani + Yoruba &amp, a faceless scum of the earth calls for IGBO�,fulani|fulanis,,,,,,,,,,,,,Haaya,
137,2,"@rahsaq1 @mrmacaronii Oponu aiye, anyone bearing Ibrahim is an Hausa/Fulani, uncivilized bastard.",fulani|fulanis,,,,,1,1,,,,,,,Haaya,,
312,2,RT @Amaka_Ekwo: ACF should go and tell their Miyetti Allah and Fulani Herdsmen that are killing and raping our women in the farm to leave o�,fulani|fulanis,,1,,,,1,,,,,1,,Haaya,,
514,3,"RT @ayo_omoajao: Earlier today, fulani herdsmen terrorized orile-odo along Oluyole local government Headquarter idi ayunre area in the midn�",fulani|fulanis,,,,,,1,,,,,1,,Haaya,,
43,2,"@okotie_vera @ShehuSani You are very stupid, an undesirable idiot, Fulani are not the course of any conflict the southerners are because of their greedy and selfishness. You want dominate the country so you start hating the Fulani after that the northern, we know all that you plan.",fulani|fulanis,,,,1,,,,,,,,,Haaya,,
494,0,"RT @gistaroundyou: Fulani herdsmen attack travellers on the Ibadan to �j�b�-Ode express way on Wednesday, June 9, 2021

Arise tv #EndSARS l�",fulani|fulanis,,,,,,,,,,,,,Haaya,,
247,1,@JosephFabulous3 @yinkaisola14 @hazelpawa @aproko_doctor You are the one that doesn't have sense with the dumb statement you made. Point out the hausa or fulani name in my name and i will give you 20k right now. Useless animal,fulani|fulanis,,,,,,,,,,,,,Haaya,,
8,0,"Proudly a Hausa Fulani... lemme hear any body saying Hausa this Hausa that... I swear I will keep my home training aside n deal with anyone to d bastard level... am not dumb, dull or stupid... let�s go https://t.co/TTMpEmcrcK",fulani|fulanis,,,,,,,,,,,,,Haaya,,
235,2,"@xexiboy2 @TVCconnect You got it right,  he's looking for malam, fulani herdsmen, and core northerners to replace him, that bad, they're too fanatic, and religious as well, fools, don't mind them, justice will take place someday in this nation...",fulani|fulanis,,,,,,1,,,,,1,,Haaya,,
517,0,"RT @ChinasaNworu: #Fulani herdsmen kidnappers  at work in Okigwe Imo state , the governors cannot use their Ebubeagu to curtail this Fulani�",fulani|fulanis,,,,,,,,,,,,,Haaya,,
523,0,RT @GovAyoFayose: I don't have anything against the Fulanis &amp, the herdsmen among them. But let me state it expressly that Ekiti will not su�,fulani|fulanis,,,,,,,,,,,,,Haaya,
531,2,"@MBuhari @ProfOsinbajo @realDonaldTrump @bukolasaraki @YakubDogara @ecowas_cedeao is silent, @NGRSenate and @HouseNGR are silent, @KremlinRussia_E is silent, @APCNigeria is silent, @OfficialPDPNig is silent, @AbundantNigeria is silent, @theresa_may is silent. The whole world is indeed silent until FULANI HERDSMEN wipe us off the earth.",fulani|fulanis,,,,,,1,,,,,1,,Haaya,,
233,2,"@alaokayode @channelstv @MoghaluKingsley @obyezeks @osita_chidoka Fool.
Oponu oshi.
Fulani demonic herdsmen aka bandits kidnappers kill and rape farmers in ogun,oyo,ondo etc,the federal government protects them.
Villagers in ogun state are idp's in Benin Republic,and you are here talking rubbish.
Omo ashawo oshi.
Eru oshi.",fulani|fulanis,,,,,,1,,,,,1,,Haaya,,
497,0,"U.S Says Fulani Herdsmen More Radicalized, Blames It On Poor Governance, Population Growth. - thenewnarrativeonline https://t.co/f7WZjcERBI",fulani|fulanis,,,,,,,,,,,,,Haaya,,
499,1,"Gov Ortom is eyeing tenure extension throughout the backdoor by using his pet project, FULANI HERDSMEN!???. 
The bobo will be shock if he finds out that he will have to handover to a successor on May 29th, 2023???! His eyes go clear, one time! https://t.co/B1I1KgQLdt",fulani|fulanis,,,,,,,,,,,,,Haaya,,
179,2,@waterowei @adaohah @AishaAm81190097 @GuruHvac @GreatAtagana @MobilePunch Don't mind them. The way they feel entitled is disgusting. Saw one saying that fulani northerner will rule Nigeria till 2031 and dere is nothing no one can do. Disgusting fellows.,fulani|fulanis,,,1,,,1,,,,,,,Haaya,,
232,2,"Silence is d best ans 2 a fool lk @Lovekeke4Keke: greedy islamic hausa/fulani wrote 2 Mr. President, U idiot, U thought we dnt know @elrufai",fulani|fulanis,,1,,,1,1,,,,,,,Haaya,,
401,3,"@Vincent_Nna Oh Jesus!
The Sun will rise where again???
Like you want to feed them again by 2021?
If this is not coconut head'edness then it's iron head.
Sorry for this huge loss brother.
There are lots of land in the South, Fulani can never have dominion over Yoruba and Igbo land. Sorry nnaa",fulani|fulanis,,,,,,,,,,,,,Haaya,,
191,2,"Twitter family, Fulani herdsmen don reach my place for Ibadan ohhhhh , nobi joke again oh, they were repel by area guys at around 12 this morning, this shit is real.",fulani|fulanis,,,,,,1,,,,,1,,Haaya,,
222,2,"Buhari disgraces Nigeria again in Washington; says killer Fulani herdsmen are from Libya, what a pathetic, old liar of a president. @realDonaldTrump do what @BarackObama did to @GEJonathan in 2015 for us, use your power and dethrone Buhari for us in 2019! #PMBinDC #Trump",fulani|fulanis,,,,,,1,,,,,1,,Haaya,,
248,2,"@MaziNnamdiKanu Former @HQNigerianArmy now fulani Army stock in trade is raping of women, we have seen that with their fulani herdsmen, fulani bandits and fulani bokoharam. Even animals get consent of females, meaning fulani Army are less than animals.",fulani|fulanis,,,,,,1,,,,,,,Haaya,,
508,3,"RT @temmeyslim: Abuja protesters please leave Airport Road immediately,a full truck of fulani herdsman just passed me headed that way
#EndS�",fulani|fulanis,,,,,,,,,,,,,Haaya,,
527,3,"RT @MoIbrahimEsq: My grandpa used to own a big ranch in Iseyin till Fulani herdsmen murdered him. Said the ""cow-rearing"" business was their�",fulani|fulanis,,,,,,,,,,,,,Haaya,,
61,3,"@seyiamakinde Dear Gov,@seyiamakinde you are celebrating the arrest of an alledged kidnap Fulani syndicate leader! Good
Sir, are you are the Iskilu Wakili is a 75 years old man that is BLIND? So frail that am sure he can't organize a cockroach hunt
As a Yoruba man, try to be smarter than this",fulani|fulanis,,,,,,,,,,,,,Haaya,,
23,2,@realDonaldTrump Hello Mr. President. May you live long and blessed always. I know u have a lot on your plate right now with issues in the US. But pls try to use your good office and power to influence some changes in Nigeria as it relates the rape of Christian women in the hands of fulani scums.,fulani|fulanis,,,,,,1,,,,,,,Haaya,,
77,2,"I think the fulanis are now an endangered species.

They succeeded in destroying the Hausa destiny as parasite in a host.

They have pushed their luck too far and have ran out of luck.",fulani|fulanis,,,,,,1,,,,,,,Haaya,,
496,0,"RT @SaharaReporters: Fulani Herdsmen Storm @ekitistategov Forest Reserve, Destroy Multi-million Naira Maize Farm |Sahara Reporters 
Those h�",fulani|fulanis,,,,,,,,,,,,,Haaya,,
516,2,"@ayi_baba @FndCRES @Nigeria_4eva @zefedi @ogundamisi For many years now he has consistently called out the clear and present danger of rampaging fulani so-called herdsmen leaving death and destruction in their wake. If only more people took him seriously early enough.
He has been a voice for the voiceless. That's how.",fulani|fulanis,,,,,,1,,,,,1,,Haaya,,
151,3,"RT @ObiomaBiafra: @KATSINAconnect MORON is chibuike amaechi a hausa fulani, abi is Ebele jonathan hausa? Abia,imo,anamb in nddc? I'm from d�",fulani|fulanis,,,,,,,,,,,,,Haaya,,
528,2,"RT @iykimo: Why are people afraid to mention the groups and people responsible for food inflation?

Fulani herdsmen grazing on farms and ki�",fulani|fulanis,,,,,,1,,,,,1,,Haaya,,
511,2,"RT @Amaka_Ekwo: EWU! ? 

Go and tell that to your Boko-Haram, bandits and terrorist Fulani-Herdsmen

#BiafraExit #OduduwaExit

We demand a�",fulani|fulanis,,,,,,1,,,,,1,,Haaya,,
332,2,"Alert ?! 
Biafran Land Now Under Hausa/Fulani?/Yoruba Siege! 
Right Now, Hundreds Of Thousands Of Hausa/Fulani People ????? Are Converging Into The Blessed Land Of Biafra Like Scavenging Vultures  Ahead Of Biafra Referendum Coming Up On 16Th February Sat 2019 To Create Confusion https://t.co/DLhxWblQD6",fulani|fulanis,,,,,1,1,1,,,,,,Haaya,,
524,0,"RT @MrStanleyNwabia: Benue's passage of its bold &amp; quite progressive Anti-grazing law was sure to make it a target for Fulani Herdsmen. 
Si�",fulani|fulanis,,,,,,,,,,,,,Haaya,,
95,2,"RT @Amaka_Ekwo: @AmnestyOnline
Hausa/Fulani D hunting dogs for Britain D'Shameless Slave Masters killers of Africans
#FreeNnamdiKanu https:�",fulani|fulanis,,,,,1,1,,,,,,,Haaya,,
522,0,RT @realFFK: The Nigerian Senate has said that Boko Haram are operating under the guise of being Fulani herdsmen.They are finally opening t�,fulani|fulanis,,,,,,,,,,,,,Haaya,,
491,0,"RT @Shoppyanno: Late Stanley Nwabia on the Fulani Herdsmen

Sunday Igboho Ondo Biafra https://t.co/pvHu6bn2SL",fulani|fulanis,,,,,,,,,,,,,Haaya,,
234,2,"@Egonduokorie You must be one of those ASHAWO that sleep around with almajiri fools in the Northern, Nigeria. The man who is responsible for your birth must be Fulani from Mauritania for you to say this Mazi Nnamdi Kanu.",fulani|fulanis,,,1,,,1,,,,,,,Haaya,,
519,2,RT @nigeriantribune: Fulani herdsmen shouldn�t cause war in Nigeria https://t.co/X7BdkvGe9a,fulani|fulanis,,,,,,1,,,,,1,,Haaya,,
510,0,"RT @SaharaReporters: Herdsmen Invade Ogun Community, Hunters, Agitators Retaliate, Burn Down Fulani Settlement | Sahara Reporters
It was ga�",fulani|fulanis,,,,,,,,,,,,,Haaya,,
534,2,"RT @renoomokri: Why is the world�s attention focused on Syria? In Nigeria, killer Fulani herdsmen have killed thousands of Nigerians in the�",fulani|fulanis,,,,,,1,,,,,1,,Haaya,,
7,2,"@SundayIgbohoo Why did Yoruba stand against the Igbos in the fight against subjugation by the fulani cattle herdsmen?
The sequence will certainly follow through, when they finish with one part, they will move to another until their stupid vision to take over all the land in Nig is achieved.",fulani|fulanis,,,,,,1,1,,,,1,,Haaya,,
536,2,@abati1990 I remember the viral video of Fulani herdsmen mating cows and donkeys...who knows how many pregnant cows and donkeys are carrying children for their Fulani husbands......?,fulani|fulanis,,,,,,1,,,,,1,,Haaya,,
136,2,God has blessed the Igbo race and not u nor the Fulani bastards you lick their anus can reverse that. Onye nzuzu! Dr ndi iberiberism ? https://t.co/3m1XjFND7g,fulani|fulanis,,,,,,1,,,,,,,Haaya,,
60,3,"Nigeria Army can send their men to give IPOB mmbers phyton dance but cannot send their men to give Fulani herdsmen common cockroach dance.
@NGRWailers @WazobiaFMAbuja",fulani|fulanis,,,,,,,,,,,,,Haaya,,
509,2,"RT @General_Somto: For Days Now, The Nigerian Armed Forces Has Failed To Arrest Or Track Down The Killer Fulani Herdsmen That Slaughtered O�",fulani|fulanis,,,,,,1,,,,,1,,Haaya,,
355,2,"@fatee_b_ Is the generality believe of a section behaviour, just as we believed one section or zone of the country like money if he or she do otherwise, you will hear �Most� yenyenen or pure Hausa girl put on Bum short and crop top on the street of kano to cinema u will hear most yenyen..",hausa|hausas,,,,,,,,,1,,,,Haaya,,
42,2,@BashirAhmaad Hausa people una be mugu. Nor be me and una for this country. I can�t subject myself to be ruled again by a clueless northern idiot like Buhari. I reject it,hausa|hausas,,,1,,1,,,,,,,,Haaya,,
469,0,"RT @yaassyr: Neither Igbos, Yorubas nor Hausas are trying to start a war. Truth is there are a few bad people among us all, having grudges�",hausa|hausas,,,,,,,,,,,,,Haaya,,
190,1,@Royalty7th @atiku @officialmaimuna So if am jobless Hausa goat I bet u are worse Dan me.incompetent lame bitch..yhu just sit in ur various dirt cribs Nd open ur disjointed mandible stinky pig.i just pity d parent dat gave birth to u.wast of sperm.u all underestimate we d northerners.i take shit frm nobdy,hausa|hausas,,,,,,,,,,,,,Haaya,,
264,0,"Tbh, generalising is condescending, be sensible enough to know that people differ... Not all men are scum. Not all women are sluts. Not all Igbos love money or rituals. Not all Yorubas are sly or dirty. Not all Hausas are killers or almajiris. People differ, get to know them 1st.",hausa|hausas,,,,,,,,,,,,,Haaya,,
148,0,"When Ochereome Nnanna, the chairman of the Vanguard Editorial board was spewing his hatred for Hausa/Fulani nobody cares to caution him, not even the people he now calls ""Sophisticated Morons"", which were mostly his audience.",hausa|hausas,,,,,,,,,,,,,Haaya,,
465,0,"RT @_AsiwajuLerry: The Politics being played with people�s lives in Oyo state is unethical. Tribal war is breaking down, Hausa &amp; Yoruba are�",hausa|hausas,,,,,,,,,,,,,Haaya,,
6,3,"@jidesanwoolu @HQNigerianArmy calling on your stupid bosses ? and them Hausa/Fulani community that�s saying fake news And shit 
My time - we�ll end all this bs and injustice in our nation once and for all OnGod",hausa|hausas,,,,,,,,,,,,,Haaya,,
246,2,"Has the Idiot Arewa Youths, Daura, Osinbajo, Adeboye, Buratai, Lai Muhammed and all other Morons in APC &amp; Northern Nigeria seen this video? Biafrans are HUMANS, Hausa/Fulani's are Animals with the heart of Lucifer. @nassnigeria watch and withdraw your hate bill. We need Boko bill https://t.co/7rqmTaVOPp",hausa|hausas,,,,,1,1,,,,,,,Haaya,,
309,2,"@Sarheeb @olayemi_123 @nurabello_ If your brothers who are hausa/fulani herdsmen enter our farm lands destroy our crops, kill our farmers, rape Mother's and daughters, and threaten our lives, and you expect us to keep quiet and fold hand. You can try that in the east and south south again. We are fully ready now.",hausa|hausas,,,,,1,1,,,,,,,Haaya,,
134,2,"@Abdultyza @channelstv But wat why is this idiot hausas guy talking about yoruba, it seems like your brain av shifted down to your anus, bastard, face your tribe omo ale",hausa|hausas,,,,,1,,,,,,,,Haaya,,
472,0,"RT @Waspapping_: That was how one thick Hausa girl was calling my boy Emmcap fine boy, all because he's tweeting from iPhone lmaooo she had�",hausa|hausas,,,,,,,,,,,,,Haaya,,
93,0,"Imagine that an Hausa/Fulani man, boldly wrote on the body of his dog or  ram, d name ""NNAMDI KANU and paraded same in d Onitsha Main market",hausa|hausas,,,,,,,,,,,,,Haaya,,
459,2,"suddenly,
Fulani herdsmen are no longer attacking villages;
All Fulanis are no longer killer herdsmen;
Hausa Fulanis are no longer ""Born to Rule"";
Islamizing Nigeria is no longer being revealed to the politicians on... https://t.co/ru6E5fpIS0",hausa|hausas,,1,,,,1,,,,,1,,Haaya,,
290,2,@AliBatanofGombi @Sarkodie______ Because Hausa girls don't jump from one man to another that's why we aren't romantic. But u can go and grab those street whores that are more romantic than hausa girls.,hausa|hausas,,,,,,,,,1,,,,Haaya,,
477,0,@iamcardib U just look like hausa fulani,hausa|hausas,,,,,,,,,,,,,Haaya,,
5,2,"@Jolaoye_Coal @dhaApex_ @Kassie_Usman I now understand that the stupid Yorubas&amp;igbos are not fighting the whole north but only Muslims&amp;HAUSAS, but I dare challenge you to come outside on the street of arewa to protests for him and see what will happen to you not shouting on Twitter bastard fellows",hausa|hausas,,,,,,,1,1,,,,,Haaya,,
486,0,"RT @mrmacaronii: The Hausa man is my brother, so is the Igbo man and The Yoruba man. We are all one. The Government and the Government alon�",hausa|hausas,,,,,,,,,,,,,Haaya,,
398,0,"If they can do their politicial campaigns in Igbo, Hausa and Yoruba etc then what's stopping us. Let's show them what this coconut head generation is capable of doing ?

#EndSARS https://t.co/ktFJSKAv8t",hausa|hausas,,,,,,,,,,,,,Haaya,,
133,3,"@daily_trust @SimonLalong @MBuhari @atiku @OfficialAPCNg @OfficialPDPNig Bastards!!! They are envious &amp; wants to cripple one of the Hausa-Fulani's surviving strong economic activity, the rearing. This, they do in collaboration with their religious leaders, traditional rulers and the political law-makers",hausa|hausas,,,,,,,,,,,,,Haaya,,
488,2,"RT @Amaka_Ekwo: @Un @nnamdikanu1 
Do you hate us that much to abandon us with Hausa/Fulani tribe?
Self-governance for Biafra.#Freedom
http:�",hausa|hausas,,,,,1,1,,,,,,,Haaya,,
372,1,"RT @magajispeaks: @Audu looks and sounds cosmopolitan. But he is a fanatic with extreme prejudice against Muslims, Hausas and Fulanis https�",hausa|hausas,,,,,,,,,,,,,Haaya,,
466,0,"Then I think u should meet d hausas""@Am_Boss1: Have u met d ebiras""@TribecaDiva: Yoruba people too Like noise tah""""",hausa|hausas,,,,,,,,,,,,,Haaya,,
108,2,"@Sadiya_farouq @nemanigeria @MBuhari Thunder will fire you, you think we are fool like you, you didn't pay N-power their stipends and you are lying that you are giving useless money. Baro bansa, ole(thief). Useless Hausa woman, go back to your room, you have failed wofully ????",hausa|hausas,,,,,1,,,,1,,,,Haaya,,
207,2,It is to hear that Yoruba are fighting Hausa people in Lagos. The Hausa's have used the Yoruba people like pigs to destroy Nigerians.,hausa|hausas,,,,,1,,,,,,,,Haaya,,
277,2,"@KemiOlunloyo Dats exactly wat u re kemi mad woman,werey,Anuofia n Ewu Hausa go get a life BITCH n leave Davido out of ur mouth b4 thunder strike u",hausa|hausas,,,,,1,,,,1,,,,Haaya,,
457,0,"ENGLISH: Arsene Wenger YORUBA: Harsene Winger IGBO: Arsenal Wenger HAUSA: Arsin Finger""",hausa|hausas,,,,,,,,,,,,,Haaya,,
478,1,"RT @HerbarsO: Yoruba Have Adeyinka Grandson
Igbo Have Nnamdi Kanu
Hausa Have Adamu Garba

Those 3 Have Mental Problem",hausa|hausas,,,,,,,,,,,,,Haaya,,
481,0,"The hausa man is my brother.
The hausa woman is my sister.
The igbo man is my brother.
The igbo woman is my sister.
The yoruba man is my brother.
The yoruba woman is my sister.

We have a common enemy:
It is the people dividing us.

Write this on your page too.
We stand together.",hausa|hausas,,,,,,,,,,,,,Haaya,,
399,3,@SympLySimi How are we starting..  I am ready to learn hausa...  I want to make the North my won priority.. because these northerners get coconut head,hausa|hausas,,,,,,,,,,,,,Haaya,,
458,0,RT @omojuwa: �@THEMITHOPE88: @omojuwa there is trouble between hausas and the yorubas. Unconfirmed sources say 13 are dead already� BIG  ...,hausa|hausas,,,,,,,,,,,,,Haaya,,
461,0,"RT @Ekene____: Nnamdi Kanu doesn't not represent or speak for Nd? Igbo.

Same way I won't expect Shekau to speak for Hausa/Fulani or Kayode�",hausa|hausas,,,,,,,,,,,,,Haaya,,
484,1,"RT @beloved9ty: God gave the three main tribes in Nigeria 3Idiots

Yoruba: Adeyinka Grandson
Igbos: Nnamdi Kanu
Hausa: Adamu Garba

Wikiped�",hausa|hausas,,,,,,,,,,,,,Haaya,,
39,1,"@scarylordjack @Dejideyforyou @AdeCorp__ @dawisu You are the bigger idiot Mr and I have nothing to prove to a glorified fool. I have always spoken out against killings of any kind, I have nothing to gain from any party coz I am neither hausa nor yoruba.Continue basking in ur foolery, I have engaged u enough",hausa|hausas,,,,,,,,,,,,,Haaya,,
456,3,RT @kemywyne: Adaobi! RT@Mayhur_Hakinz: Add a Yoruba/Igbo/Hausa name to Mourinho,hausa|hausas,,,,,,,,,,,,,Haaya,,
92,2,"RT @Amaka_Ekwo: @VP Hausa/Fulani are hunting dogs for D #British in D British Zoo #Nigeria.
#FreeNnamdiKanu #FreeBiafra @UN  https://t.co/a�",hausa|hausas,,,,,1,1,,,,,,,Haaya,,
84,1,"@FaruqAdua @firstladyship Arrant fool and bastard. Boko haram, Fulani herdsmen, bandits and ISWAP are not war mongers. They are peace keepers. Thunder fire the person wey born you because they no get sense. Gworo munching parasite",herdsmen|herdsman,,,,,,,,,,,,,Haaya,,
393,0,"@MBuhari you are quite aware that Fulani herdsmen are killing in the hundreds, yet SARS has never been tasked against them. U sent the Nigerian troops I'll equipped to defend us against boko haram ill equipped and they do so gallantly with outdated rifles.
Are we indeed baboons?",herdsmen|herdsman,,,,,,,,,,,,,Haaya,,
186,2,"@ybsaleh @PositivelyNaija @Laurestar Disgusting bunch!...why were ""Pythons or cobras"" not sent out to kill the murderous Fulani herdsmen rampaging communities...#doublestandards",herdsmen|herdsman,,,,,,1,,,,,1,,Haaya,,
158,2,"@ishakaa Be there worrying about mama IPOB, while Papa Boko Haram, Bandits, &amp; Herdsmen in Aso Rock is rolling out ransom to compensate his Fulani terrorist brothers for killing your brothers and raping your sisters.

Moron!",herdsmen|herdsman,,,,,,1,,,,,1,,Haaya,,
121,2,@Nerdivistt1 Go and ask your useless killer Fulani herdsmen parents.,herdsmen|herdsman,,,,,,1,,,,,1,,Haaya,,
29,2,"Supports list: the illitrates, lazy youths, ill informed, calamity profiteers, bigots, scums of the earth, anyone who lacks good judgement, blood lustre, hay fevered, evil lovers, PDP haters, herdsmen, sellouts, bribed, fanatics, Fulanis, kidnappers, street urchins, - Thread https://t.co/IWKnA6mROV",herdsmen|herdsman,,,,,,1,,,,,1,,Haaya,,
295,2,"RT @renoomokri: * For insulting Jesus 
* Referring to Southern women as �whores�
* Paying killer herdsmen 
* Accusing Christians of creatin�",herdsmen|herdsman,,,,,,,,,,,1,,Haaya,,
240,2,"@Nedunaija @GbengaGOLD @Nedunaija idiot, don't change the rhetoric.These are simply Igbo kidnappers.Most of your people hide under the guise of Fulani herdsmen to kidnap people for a living, and fools like you would crucify and persecute the Fulani herders for your evils. You remember Evans? Bastards!!",herdsmen|herdsman,,,,,,,,1,,,,,Haaya,,
348,0,Ahmed musa a northerner just made us proud as an educated northerner. Stop the primitive way of making herdsmen perpetual illiterates and relegated people without future. Encourage private modern ranch farms. Another Ahmed musa can emerge from them.,herdsmen|herdsman,,,,,,,,,,,,,Haaya,,
102,2,@MBuhari Chai blood sucking man just like the walking dead that what you are evil minded man baboons and dogs soaked in blood like you said cause you did not win an election may the spirit of the ones you nd your Fulani herdsmen killed cause of cows hunt you for ever ... Amin,herdsmen|herdsman,,,,,,1,,,,,1,,Haaya,,
197,2,Mehn these fulani herdsmen just misbehaving around the Country and Buhari can't even say or do shit about it...Well Fuck Buhari #Stronger,herdsmen|herdsman,,,,,,1,,,,,1,,Haaya,,
172,2,"When Fulani Herdsmen were killing people in SW, you all were blind, deaf and dumb abi? Now that we have risen and said enough is enough you all are now bringing your shovel teeth. Be like thunder want to fire una",herdsmen|herdsman,,,,,,1,,,,,1,,Haaya,,
213,0,"#BoycottCowMeat. You may not have political power or military might to defeat the Fulani herdsmen but the money in your pocket can be used to fight them. Boycott cow meat; instead; buy chicken, turkey, eggs, fish, goat &amp; even pig meat. Let's fight back with our purchase power.",herdsmen|herdsman,,,,,,,,,,,,,Haaya,,
65,2,"RT @OduduwaR: Fulani herdsmen threat to ODUDUWA REPUBLIC and BIAFRA is like cockroach threatening Chicken. 
You're dead while thinking of a�",herdsmen|herdsman,,,,,,1,,,,,1,1,Haaya,,
323,0,"In Delta Herdsmen allegedly rape woman, attack 3 men The herdsmen killed the farmer after he refused to allow their cattle graze on his farm, reports said.
Permalink: https://t.co/1b0GJnPfyH�arm-reports-said/
#news https://t.co/QccGlGTxlL",herdsmen|herdsman,,,,,,,,,,,,,Haaya,,
322,2,"Herdsmen and fulanis go about with knife ? and daggers ?

No one is stopping them

Now, they carry dogs, guns and go ahead to kidnap, rape and kill our people

Check Benin Akure Road, Benin Abuja Road and every where across the south. 

@MBuhari, Wetin we do?

#EndSARS #WeMove",herdsmen|herdsman,,,,,,1,,,,,1,,Haaya,,
392,2,"RT @MrStanleyNwabia: ""Dogs &amp; Baboons will be soaked in blood if I lose""
~We made him President

""Defend yourselves from Fulani herdsmen""
~D�",herdsmen|herdsman,,,,,,1,,,,,1,,Haaya,,
157,1,"@nairaland No be only 2 Truckloads, Na 200 Trucks of fully armed fulani Herdsmen ! Nonsense and ingredient story posted by an elefufu moron..",herdsmen|herdsman,,,,,,,,,,,,,Haaya,,
99,3,"RT @jeffphilips1: And @channelstv reported this as 21 Fulani herdsmen killed in Benue yesterday. 
The fly dog that's bent on getting lost..�",herdsmen|herdsman,,,,,,,,,,,,,Haaya,,
51,2,"Idiots like you always downplay the killings by Armed Fulani Herdsmen happening everyday in someone's state

Oloriburuku Ashawo https://t.co/d2ktOPFhEi",herdsmen|herdsman,,,,,,1,,,,,1,,Haaya,,
120,2,"@nassnigeria @NGRPresident @NigeriaNewsdesk Help me inform that Honourable Mrs to give her children and extended family to Fulani herdsmen to be killed and thereafter, i can take her serious. Useless #maggieater",herdsmen|herdsman,,,,,,1,,,,,1,,Haaya,,
381,2,"@olamide_falase I would very much like the Gov of Kaduna or President of Nigeria to use the law or address the structures that cause herdsmen, caliphate builders and sharia fanatics to attack southerners and Christians while we wait for their hearts to be transformed by the gospel we preach!",herdsmen|herdsman,,1,,,,1,,,,,1,,Haaya,,
184,3,"PDP to Abiodun: It�s disgusting to share noodles, rice to victims of herdsmen attacks

#Nigera
#PDP 
#HerdsmenAttack 
#YewaAxis
#Buhari 
#SUNDAYIGBOHO 
#Fulani 

https://t.co/kqIMQ7SiSb",herdsmen|herdsman,,,,,,,,,,,,,Haaya,,
159,2,"RT @AgorasBlog: Nigerians are suffering severe hardship,�No fuel, no water, no electricity, ...Fulani herdsmen on rampage� Morons trend #iS�",herdsmen|herdsman,,,,,,1,,,,,1,,Haaya,,
116,3,"@ChiefOjukwu useless fool say islamic terrorism, the world has to kill islam b4 islam kills the world. we know you added ojukwu to ur name to look an Igbo but u r just a pig. https://t.co/WgCgghiir4",igbo|ibo|ibos|igbos,,,,,,,,,,,,,Haaya,,
251,2,"@EdoIpob @vanguardngrnews @MobilePunch Some Idiot's are calling Him Leader but me I'm calling  Him Animal @MaziNnamdiKanu
Because He didn't reason well
He Haved low IQ
Theodore Orji and his son stole N551bn of Abia money but Hausa Fulanis are the reason Nigeria is not like Dubai!
You're the problem of your self IGBO'S",igbo|ibo|ibos|igbos,,,,,,,,1,,,,,Haaya,,
45,2,"@OnyeomaAnyi @chikwadoca @renoomokri @BarackObama All ibos or Igbo's or heebo or E-bo are scum ,Niger delta will never b part of Biafra idiot ,mumu ,big cow .",igbo|ibo|ibos|igbos,,,,,,,,1,,,,1,Haaya,,
377,3,Lol it shouldn�t shock u my dear....a huge number of them are fanatics and see Atiku as an infidel for picking an Igbo vice...if Atiku picked a northern vice we wouldn�t be arguing  results he would win with a landslide https://t.co/IaMX7go1Fb,igbo|ibo|ibos|igbos,,,,,,,,,,,,,Haaya,,
10,2,"He is stupid na.""@Stephynnie: Lmaooo.easy on igbo gals na @Desola_123: A typical igbo Girl Cn sell hr Father's proprty 2 buy bleachin Cream.",igbo|ibo|ibos|igbos,,,,,,,,1,1,,,,Haaya,,
266,1,@GilbertHaleemah You look like this and you slut-sham Igbo girls??? https://t.co/JU5hBuZXVP,igbo|ibo|ibos|igbos,,,,,,,,,,,,,Haaya,,
27,0,"Stereotype would be the end of us
Men are scum
Women are sluts
Hausas are beggars 
Yorubas are demonic
Igbos are corrupt
How many people have you met?
Stop that nonsense jare https://t.co/5DE0aWkrz4",igbo|ibo|ibos|igbos,,,,,,,,,,,,,Haaya,,
334,0,"RT @biafra_tv: Biafra: We Will Never Trade Biafra For ""Igbo Presidency"": IPOB Tells Okorocha And Iwuanyanwu, The Vultures In� https://t.co/�",igbo|ibo|ibos|igbos,,,,,,,,,,,,,Haaya,,
549,3,"Igbo men will never do thiz for their female children,  all in the name of they're girls and will be getting married so no need.
Nah why land issues remain the utmost priority after a man dies having only female children. God no go shame us.
#femiotodela
#FerrariPortofino 
#Cuppy https://t.co/OIS0TOJIuM",igbo|ibo|ibos|igbos,,,,,,,,,,,,,Haaya,,
390,3,RT @Amaka_Ekwo: AREWA YOUTH TO UN - ARREST US AND HAVE THE BLOOD OF BABOONS (IGBOS) FLOW ON THE STREETS OF NORTHERN NIGERIA https://t.co/nk�,igbo|ibo|ibos|igbos,,,,,,,,,,,,,Haaya,,
547,0,"RT @IgboHistoFacts: Igbo men are Handsome
Igbo women are Beautiful
Igbo people are Industrious
Igbo people are Pacesetters
Igbo people are�",igbo|ibo|ibos|igbos,,,,,,,,,,,,,Haaya,,
81,0,"@Waspapping_ As far as I am concerned, an Igbo man/woman being the president can never be the end of me and my people; we don't rely on any other region to survive neither are we a parasite.

If someone from the East becomes president and decides to piece the country; no problem!",igbo|ibo|ibos|igbos,,,,,,,,,,,,,Haaya,,
252,0,"@General_Oluchi Simple... you can't prove a book is saying fact by reading from the book. , To prove that biology text books is saying fact, we can see the plants and animals doing the things the books said. Besides we don't have Igbo, hausa or Yoruba names in those books.",igbo|ibo|ibos|igbos,,,,,,,,,,,,,Haaya,,
46,2,"@Olohunxe @olasekoni igbo's dont need yoruba idiots as companion, you morons were silent when over 5million igbo women and children were massacred in 1967-1970, such cant happen to igbo's again
but it is coming to yoruba soon and we will also watch in silence",igbo|ibo|ibos|igbos,,,,,,,1,,,,,,Haaya,,
360,3,"@ayoalabi99 @amcyril @OgbeniTJ A bum onye ibo, sugbon m'o gbo Yoruba daradara",igbo|ibo|ibos|igbos,,,,,,,,,,,,,Haaya,,
294,2,@BForBoy8 @Wahrheitnur @AfamDeluxo @kingsleynovich @UchePOkoye @chosensomto @Ifechideere His is a bastard son from a Yoruba whore and an obi in Igbo land.,igbo|ibo|ibos|igbos,,,,,,,1,,1,,,,Haaya,,
196,0,"@Godknowskings @Intergrity56 Easterners are excellent and wonderful entrepreneurs. They can turn a shit hole into a goldmine and they have cojones. However, they need to see themselves as part of a group. They need to play the right politics to get to power. They should stop this Igbo vs Nigeria stuffs",igbo|ibo|ibos|igbos,,,,,,,,,,,,,Haaya,,
551,0,"RT @NkirukaNistoran: KILLINGS &amp; ABUSES OF IGBO,#BIAFRA HAS ALREADY STARTED,TIME TO TAKE ACTION CONDUCT #BiafraReferendum @SenateFloor 
http�",igbo|ibo|ibos|igbos,,,,,,,,,,,,,Haaya,,
552,0,"RT @voopinmag: DEAR IGBOS, those who send you to the streets in the name of Biafra live in mansions, and their children are abroad. Be Wise!",igbo|ibo|ibos|igbos,,,,,,,,,,,,,Haaya,,
346,0,"Singer, Chike Apologizes To The Igbos, For Calling Them Primitive Thinkers

""Chike"" ""Jack Ma"" #schoolsreopening ""iPhone 12"" ""Rema"" ""Fulani"" #ForOBO ""Pele"" #cyril #bobrisky ""Mango"" ""Lai Mohammed""
https://t.co/1WzFjrCWNi",igbo|ibo|ibos|igbos,,,,,,,,,,,,,Haaya,,
238,3,"@Achilless247 @Saatah No. U're d biggest fool. Can't force a region 2 join another, dat is wat put us in this mess called Nigeria. If IPOB wants South south aka Niger Delta 2 join them as a nation then invite stake holders 4 negotiation. U can't forcefully claim us. Won't go 4rm Fulani 2 Igbo masters https://t.co/WVEDjiwJWx",igbo|ibo|ibos|igbos,,,,,,,,,,,,,Haaya,,
224,2,"RT @Amaka_Ekwo: Biafra : No Election In Anambra, Igbo Leaders Are Liars � IPOB Insists, Reveals What Nnamdi Kanu Discussed With... https://�",igbo|ibo|ibos|igbos,,,,,,,,1,,,,,Haaya,,
269,2,"RT @Darkskin: If a girl bangs 10 guys in a year, she's a slut. If a guy does it, he's gay, definitely gay.",lgbt|lgbtq|lgbtq+|gay|gays|lesbian|lesbians|transgender|transgenders,,,,,,,,,1,1,,,Haaya,,
83,0,"@thesymphonicape @Israel__lee I'm guessing woke to u is only when there's gay characters and women empowerment.
Cos u must have watched a different Parasite.",lgbt|lgbtq|lgbtq+|gay|gays|lesbian|lesbians|transgender|transgenders,,,,,,,,,,,,,Haaya,,
64,2,"@Scilla_xx @__ehis__ Both* can fuck you up. Even women are abusive.  I read a research that even stated that women abuse men alot more, and then people want to use it as a reason to be gay. If men sleep with men n women sleep with women. We would have more cockroaches than humans",lgbt|lgbtq|lgbtq+|gay|gays|lesbian|lesbians|transgender|transgenders,,,,,,,,,1,1,,,Haaya,,
402,2,"I don�t like to waste my tweets on empty coconut head Buhari supporters.. the president breaks the law he is suppose to protect &amp; you are here sampling your smelling gay ass in support of his action

Wait until one herdsman stick garri-turner in that stupid ass of yours. Cow ?? https://t.co/j0YjgStb1C",lgbt|lgbtq|lgbtq+|gay|gays|lesbian|lesbians|transgender|transgenders,,,,,,,,,,1,,,Haaya,,
28,0,"@kayceeleecooper @TheNeversonn @SimpleMacSmith So apt! Couldn't have said it better. Just read a story of lesbians abusing each other. They are women. They dont come out saying women are scum or rapist! Guys abuse other guys. Friends manipulate each other. Human is human. Some good, some bad. People need to understand this!",lgbt|lgbtq|lgbtq+|gay|gays|lesbian|lesbians|transgender|transgenders,,,,,,,,,,,,,Haaya,,
268,2,"RT @TedOfficialPage: If a girl bangs 10 guys in a year, she's a slut. But if a guy does it...he's gay. Definately gay",lgbt|lgbtq|lgbtq+|gay|gays|lesbian|lesbians|transgender|transgenders,,,,,,,,,,,,,Haaya,,
270,2,"If a girl sleeps with 10guys, she�s labeled a slut, well I put it to you that if a guy does the same, he is Gay, def Gay.",lgbt|lgbtq|lgbtq+|gay|gays|lesbian|lesbians|transgender|transgenders,,,,,,,,,1,1,,,Haaya,,
183,2,"Latest News: Transgender women given access to Hampstead Heath ponds
A campaigner says the policy to allow transgender women to use a women-only pond is ""absolutely disgusting"".
https://t.co/mIUigo6Ak4
2019-05-23 13:41:29Z",lgbt|lgbtq|lgbtq+|gay|gays|lesbian|lesbians|transgender|transgenders,,,,,,,,,,1,,,Haaya,,
14,1,"RT @thecjpearson: Identity politics is stupid. We don�t need more females, blacks, or gays elected. 

We need more principled, God-fearing�",lgbt|lgbtq|lgbtq+|gay|gays|lesbian|lesbians|transgender|transgenders,,,,,,,,,,,,,Haaya,,
347,0,"RT @mdmckechnie: If Romney wins, Europe will be unhappy, as his social attitudes re: women/gays are seen as primitive, &amp; he insulted ...",lgbt|lgbtq|lgbtq+|gay|gays|lesbian|lesbians|transgender|transgenders,,,,,,,,,,,,,Haaya,,
431,3,"There are Muslims in the South, there are Muslims in Edo state, those ones aren't violent. Why is it only Muslims in Northern Nigeria that are violent, why?",muslim|muslims|islam|islamic,,,,,,,,,,,,,Haaya,,
384,3,"@ForeignTips @omojuwa ''Monkeys and Baboons, Muslims vote Muslim Christian's vote Christian'' by Buhari",muslim|muslims|islam|islamic,,,,,,,,,,,,,Haaya,,
430,3,"RT @TheOblongata: ?1: Agree. Low hanging fruit, YES, a vicious cycle, yes, but IMO &amp; to the extent that �Arewa men� = �northern muslim men��",muslim|muslims|islam|islamic,,,,,,,,,,,,,Haaya,,
429,3,"RT @ChifeDr: This is very very wrong!!!
Until there is an Islamic Republic of Northern Nigeria we must all maintain fidelity to the Nigeria�",muslim|muslims|islam|islamic,,,,,,,,,,,,,Haaya,,
303,3,Islamic cleric In Police Net For Raping 16-Year-Old Girl In�Osun https://t.co/PMDbHqynml https://t.co/GtmDLaycWs,muslim|muslims|islam|islamic,,,,,,,,,,,,,Haaya,,
175,2,Just lost my appetite...... How cruelsome can hausa muslims get????? God this is really disgusting,muslim|muslims|islam|islamic,,1,,,1,,,,,,,,Haaya,,
56,2,"@Hailfinger1 @OfficialPDPNig @MBuhari @Twitter @USinNigeria @EUinNigeria @emmaikumeh @IjeOsamor @realFFK @renoomokri @NGRWailers @Maybeks @Democracy2dayy ""Understatement referencing them as 'Unknown_Gunmen'_these are Islamic Vermes of Sahel_welcomed by Janjaweed Islamic Northerners of Nigeria. 

South Sudan, Guinea-Conakry &amp; Burkina Faso know better. 

They're Islamic Sahel Fulanis; Cockroaches tranversing West_coast of Africa""? https://t.co/QHaXMT7zrr",muslim|muslims|islam|islamic,,1,,,,1,,,,,,,Haaya,,
174,0,Muslim Woman Says She Was Told To 'Take That Disgusting Piece Of Cloth Off Her Head'... https://t.co/npxdO2ec7f by #Eloka51 via @c0nvey,muslim|muslims|islam|islamic,,,,,,,,,,,,,Haaya,,
203,3,"Muslim ar d cause,dey jst born like pigs""@Dis_is_castro: u guyz ar d cause of naija's problem ""@iSucre7: Christians are even wors",muslim|muslims|islam|islamic,,,,,,,,,,,,,Haaya,,
274,3,"You white modafucker, you sit in Toronto and see what your bitch mother is tweeting. Shege banza, Fulani Muslims uwarka.. Wawa shegen banza.. https://t.co/xh5UfWE7WK",muslim|muslims|islam|islamic,,,,,,,,,,,,,Haaya,,
126,0,"@ekometa @AsiwajuTinubu ""M.K.O. ABIOLA colossal billionaire Muslim,100%Yor�b� inside-out, spends weekends in birthplace, changed lives of thousands Won June 12, tragically MURDERED by Islamic Northern military boys in AWE of probity in connivance with some Yor�b�s BASTARDS.

WHO the FUCK is Tinubu ?.""? https://t.co/LPdu35dDre",muslim|muslims|islam|islamic,,,,,,,,,,,,,Haaya,,
428,0,@AsiyaRodrigo The 'Northern Muslim(s)' are making progress! Yay!!!,muslim|muslims|islam|islamic,,,,,,,,,,,,,Haaya,,
385,2,The Baboons &amp, Monkeys..Sorry we Biafrans are Christians &amp, we have nothing in common with this Evil  Jihadist Islamic Nigeria who know nothing but 2 KILL KILL KILL..Blood Suckers. https://t.co/rXfc5Hnzew,muslim|muslims|islam|islamic,,1,,,,,,,,,,,Haaya
188,2,"@loudmind94 That�s how I was reading this Islamic book on marriage shit Yh 
I was feeling the author till the author said �we women are selfish why can�t we let men marry more than one wife beside there a lot of women than men in world �
I�m like bitch bye??
I cantttttttttttt",muslim|muslims|islam|islamic,,1,,,,,,,,,,,Haaya,,
124,2,@Laurestar U are a numskull not to know that d comparison for this is to tell ur President to go to a Church to pray. May is a Christian who went to a mosque. Let ur Muslim President go to pray in a Church. Bastard! Which Muslim have u seen calling d Ulama Council stupid names?,muslim|muslims|islam|islamic,,1,,,,,,,,,,,Haaya,,
259,0,"RT @Musa__Kalarawi: Accusing a pious woman of immoral acts is one of the 7 deadly sins in Islam. Calling her ""hoe"" ""slut"" ""slag"" etc will b�",muslim|muslims|islam|islamic,,,,,,,,,,,,,Haaya,,
383,2,"https://t.co/LNdQpuhUo4 BIAFRA: Biafrans shot dead and thrown inside river, islamic army of Nigeria call them Biafra baboons",muslim|muslims|islam|islamic,,1,,,,,,,,,,,Haaya,,
362,3,"Islamic fanatic preacher,Sheikh Gumi is now spokesperson for Bandits and Boko Haram and the dumb and unintelligent DSS folds their hands doing nothing to arrest him or caution him.If Sheikh Gumi were from southern part of Nigeria the stupid and  dumb DSS would have invited him.",muslim|muslims|islam|islamic,,,,,,,,,,,,,Haaya,,
67,0,"@ClementEssien6 @BashirElRufai And since when a Hausa Muslim from Kano in Northern Nigeria start becoming a Human? So he is no more almajiri, parasite, wasted sperm, cow, terrorist?",muslim|muslims|islam|islamic,,,,,,,,,,,,,Haaya,,
330,2,@Amaka_Ekwo And yet the living chickens refuse to understand the signs of Islam and the FG sponsored Fulanization of their faith by force.  God brought @MaziNnamdiKanu and he will complete the job of Separating Biafra from the claws of Northern Devils &amp, Vultures looking for carcasses!,muslim|muslims|islam|islamic,1,,1,,,1,,,,,,,Haaya,
422,0,RT @jummaiiu: The way some southern Nigerians view northern Nigerians &amp, Islam is the same way colonialists viewed Africans� barbaric. Among�,muslim|muslims|islam|islamic,,,,,,,,,,,,,Haaya,
273,1,@Godwill63596959 @Bulamacartoons Oh u thought I�m Muslim wrong u I�m not bitch I�m Christian so I guess s our religions dt s d terrorise mumu mamas pet staying under parent saying rubbish on here. Poor goat,muslim|muslims|islam|islamic,,,,,,,,,,,,,Haaya,,
426,0,"RT @_MzJayde: I love Yorubas; they practice all religion ??. One can be a Muslim, attend church programmes, still do masquerade carnival.
T�",muslim|muslims|islam|islamic,,,,,,,,,,,,,Haaya,,
87,0,Female student barks like a dog after spiritual cleansing by a Muslim cleric - https://t.co/TdXqMs3q5T,muslim|muslims|islam|islamic,,,,,,,,,,,,,Haaya,,
423,0,Vote NO for this new law to ban Muslim Women Hijab in UK to protect Muslims Rights and send it now today to all Muslims in the World:-,muslim|muslims|islam|islamic,,,,,,,,,,,,,Haaya,,
352,3,"2 seconds everywhere burst because Rahama Sadau show her back 
 Dangote is seen practising ""zina"" with non- muslim women and his bum bum be gracing this streets 

Sharia na for only women, child marriage and poor people
Arewa twitter https://t.co/71NIdT7deU",muslim|muslims|islam|islamic,,,,,,,,,,,,,Haaya,,
432,0,RT @EmekaGift: #Africa #America #Biafra Saudi Confirms Nigeria�s Membership of Islamic Coalition https://t.co/copHaw62d3 https://t.co/qaFr9�,muslim|muslims|islam|islamic,,,,,,,,,,,,,Haaya,,
285,2,"@renoomokri @THISDAYLIVE @elrufai @GovKaduna Why are you making so much noise about this.... I hate to say this but it's a northern thinking that any lady outside the hausa Fulani heritage are whores, especially the educated funny enough",northern|northerner|northerners|arewa|almajiri,,,1,,,,,,,,,,Haaya,,
447,0,"My father told me about the Kano riot of 1953, it broke out in the ancient city of Kano, in May 1953. It was a clash between Northerners who were opposed to Nigeria's Independence and Southerners made up of mainly the Yorubas and the Igbos who were for independence. No b today na https://t.co/QCteX9mk0L",northern|northerner|northerners|arewa|almajiri,,,,,,,,,,,,,Haaya,,
446,0,"UPDATE: 10 people killed, 70 sustained gunshots injuries &amp; over 30 Northerners declared missing in a deadly attack on Sasa Market in Akinyele LGA of Oyo State. Over 6,000 Northerners mostly Hausas now refugee at the residence of Sarkin Sasa, Haruna Maiyasi https://t.co/1bTqk6vXAd",northern|northerner|northerners|arewa|almajiri,,,,,,,,,,,,,Haaya,,
436,0,These ones says the igbo�s are jealous of the northerners. ?????? https://t.co/AwRL7sgtWB,northern|northerner|northerners|arewa|almajiri,,,,,,,,,,,,,Haaya,,
367,2,"43 farmers slaughtered &amp; the northern governors are not running around for security meetings.

They are concerned with caging their women, being a religious fanatic &amp; social media control. 

Daris God oooooo",northern|northerner|northerners|arewa|almajiri,,1,1,,,,,,,,,,Haaya,,
433,0,"NPFL: Crunchy Southern, Northern Derbies as League enters Week 3 - https://t.co/3gjX9fMe2o via @247_news",northern|northerner|northerners|arewa|almajiri,,,,,,,,,,,,,Haaya,,
144,2,"RT @Sv1iM: Kano is part of northern Nigeria, that has a lots of intellectual personalities, that those morons igbos people be shamelessly a�",northern|northerner|northerners|arewa|almajiri,,,,,,,,1,,,,,Haaya,,
364,3,"@mujasa14 @somiscellany @Ay_bkini So the consequences is to kill, right?

I think something is wrong with some Muslim, especially the northerners because I've many Muslims friends that are not fanatics like this cockroach brain here... Let's see where your over religious will lead you to...",northern|northerner|northerners|arewa|almajiri,,,,,,,,,,,,,Haaya,,
439,0,"RT @AM_Saleeem: I Know This Won't Get Your Attention.

Y'all should meet Aisha Suleiman, a Northern Nigerian female polo player. One of the�",northern|northerner|northerners|arewa|almajiri,,,,,,,,,,,,,Haaya,,
448,0,"@rantilagos @abdulhakeem__s @Adabiaf01939309 So you guys now know where each belong ??
Hausa Calling igbo biafra and igbo calling hausa Arewa
This is a good sign",northern|northerner|northerners|arewa|almajiri,,,,,,,,,,,,,Haaya,,
437,0,"Turbaning ceremony as Sarkin Matasan Hausa,(King of the Youths in Northern Nigeria and all Hausa speaking countries across the globe- https://t.co/Eb6j9TduyE https://t.co/IAwj6gRVwB",northern|northerner|northerners|arewa|almajiri,,,,,,,,,,,,,Haaya,,
305,2,"@Belshagy @obytwic @MaziNnamdiKanu @Obitwyce Because you are not saying that fulani bandit terrorists are killing, raping and kidnapping, therefore it's a lie right? You northerners are stupid to a fault",northern|northerner|northerners|arewa|almajiri,,,1,,,,,,,,,,Haaya,,
127,3,@Piusobansa @AYODEJIALABI @MBuhari Let's I forget you northerners especially the hausa Fulani have not explained what Gej did to you people. If it is appointing Ihejirika as the COAS who went on to give bh boys a hard time. Bastard looking for sympathy.,northern|northerner|northerners|arewa|almajiri,,,,,,,,,,,,,Haaya,,
228,0,"Whether you are in support if the protests or not, a member of APC or PDP, Muslim or christian, northerners or southerners, we are in it together. 
Burn the country we will later meet at IPD's camp then we shall realize who the real fool is. 
#EndBadGoveranceInNigeria 
#EndsSARS",northern|northerner|northerners|arewa|almajiri,,,,,,,,,,,,,Haaya,,
275,3,"@Mohnice_ Told y�all Northerners are the problem of Nigeria ??Y�all are fucking hypocrites, everyday we hear on radio and watch on tv how northerners kill farmers, destroy their crops and rape their woman but Karma is a bitch now you�re feeling the heat. Take that hashtag down! Fuck y�all",northern|northerner|northerners|arewa|almajiri,,,,,,,,,,,,,Haaya,,
366,2,@MasterTope_ Yep ... If we can manage to take power ... It must never ever go back to northerners ... Nigeria Don demonize ibo people but d true demons dey rule us ... Fanatism is really a bad thing nd most of em r fanatics ...,northern|northerner|northerners|arewa|almajiri,,,1,,,,,,,,,,Haaya,,
443,0,"RT @renoomokri: �Where was SARS during the genocide in Southern Kaduna?
�Where was SARS when Northern Governors were negotiating with bandi�",northern|northerner|northerners|arewa|almajiri,,,,,,,,,,,,,Haaya,,
88,2,"@arc_tobi @Serdyqjr Some people are dogs 
They are blaming northerners for the deed of SA people 
Northerners are innocent but southerners are looking for trouble look at how heartless southerners people are blaming us",northern|northerner|northerners|arewa|almajiri,,,,1,,,,,,,,,Haaya,,
219,3,"Who told u FG is silent?Liar Muhammed had made d stand of FG clear,he said Arewa Youth hd replied the Biafrans as if Biafra is about d North",northern|northerner|northerners|arewa|almajiri,,,,,,,,,,,,,Haaya,,
353,3,RT @firstladyship: I�m seeing Aliko�s bum plastered all over the Internet. Is Dangote still a Muslim? Why�s Arewa Twitter sleeping? Where i�,northern|northerner|northerners|arewa|almajiri,,,,,,,,,,,,,Haaya,,
276,3,"If Buhari dies, Osinbajo(a southerner) takes over. This son of a bitch thought we're as stupid and empty headed like they are in the North not to know that he's actually referring to non northerners as breeds of vultures https://t.co/piFuHiUTf3",northern|northerner|northerners|arewa|almajiri,,,,,,,,,,,,,Haaya,,
449,2,"It would be dangerous, reckless &amp; counter productive for Buhari to ARREST or KILL Sunday Igboho.
When the Northern youths demanded that Igbos should leave the north no-one was arrested.
Why should Sunday be arrested or killed for asking KILLER Fulani herdsmen to leave SW?",northern|northerner|northerners|arewa|almajiri,,,,,,1,,,,,1,,Haaya,,
435,0,"RT @NkirukaNistoran: BIAFRA: Don�t join issues with Nnamdi Kanu, IPOB now � northern elders cautioned Buhari https://t.co/Dbv1TtAMro",northern|northerner|northerners|arewa|almajiri,,,,,,,,,,,,,Haaya,,
434,0,"RT @Charlz_white: Dz is y, I've bin lookn 4 a northern girl to date!! No way https://t.co/bROXPMk9vS",northern|northerner|northerners|arewa|almajiri,,,,,,,,,,,,,Haaya,,
365,3,"had it been arewa Twitter dragged dangote for having his bum leaked, this same southern tweeps would be the one's calling us, defenders of islam, religious fanatics, religious extremists, now that we kept mute they're still calling us names, either way arewa Twitter must trend.",northern|northerner|northerners|arewa|almajiri,,,,,,,,,,,,,Haaya,,
341,2,"@FridayUdom2 @SaharaReporters Tanx man 4 dis. I thought I was the only person raining insults on Lugard n his so called foolish Lady Shaw for joining learned southerners n these stupid, backward, primitive, poorly oriented northern muslims 2geda.",southern|southerner|southerners,,1,1,,,,,,,,,,Haaya,,
354,2,"If you want a big bum go and study what Southern African women eat that make them thick.
Run from all forms of Dr Anu. This is less expensive too.",southern|southerner|southerners,,,,,,,,,1,,,,Haaya,,
287,3,RT @renoomokri: Nasir @Elrufai insulted Jesus Christ. He has turned Southern Kaduna to a killing field. He called S Nigerian women �whores��,southern|southerner|southerners,,,,,,,,,,,,,Haaya,,
230,2,"@bellanaija El Rufia is a religious fanatic and an intolerant muslim who is supervising the extermination of christians in the southern part of Kaduna.hardhearted,cruel blood thirsty fool",southern|southerner|southerners,,1,,,,,,,,,,,Haaya,,
369,3,"Nigeria is at WAR, against Terrorists, Boko Haram, islamic extremists &amp; fanatics, southerners, easterners WAKE UP!#BayeroUniversity #BUK",southern|southerner|southerners,,,,,,,,,,,,,Haaya,,
57,3,"@MobilePunch Wat is most painful aspect of the insults these northern &amp; their southern quislings bugs shower us daily is that, they think all of us ar like their e-cockroaches who took all their jargons hook line and sinker

Oloye Sunday Igboho is Omo Yoruba atata who our ancestors will bless",southern|southerner|southerners,,,,,,,,,,,,,Haaya,,
34,2,"@DailyPostNGR Gumi is an idiot, the ministry for fulani and banditry will be funded by revenue from Southern Nigeria? What is the economical contribution of fulanis in Nigeria?",southern|southerner|southerners,,,,,,1,,,,,,,Haaya,,
129,1,RT @Azikiwe_: The amalgamation of Northern and Southern Nigeria was the biggest mistake ever made. Damn you are a blind bastard,southern|southerner|southerners,,,,,,,,,,,,,Haaya,,
289,3,@renoomokri @Yahoo His name is elrufai @elrufai and he's hacking it to delete the email in which he called southern women whores,southern|southerner|southerners,,,,,,,,,,,,,Haaya,,
91,3,"Who remember d post election violent in northern Nigeria in 2011 where southerners mostly corpers were killed because Buhari lost to a Jonathan

Guess what led to d killing, na wetin Buhari talk before d election if I lost d election 
""The Dogs and baboon will be soaked in blood""",southern|southerner|southerners,,,,,,,,,,,,,Haaya,,
164,1,"#Buhari Must be ready to attack the whole southern region!!!! This is not 50 years ago, let someone wake him up if he is too dumb. It�s a war again the south not Igbos. He is about to break Nigeria himself. Dumbass!!!#IamIgboToo",southern|southerner|southerners,,,,,,,,,,,,,Haaya,,
3,2,@SaharaReporters @elrufai Mad stupid Fulani mofo! We're the South not Southern Kaduna! I pray God delivers them from you and your murderous kinsmen who you pay for killing the poor Southern Kaduna people like God is delivering us. We promise you more Sunday Igbohos and Nnamdi Kanus. W�r� al�so! Onye oshi!,southern|southerner|southerners,,,,,,1,,,,,,,Haaya,,
288,2,@renoomokri @elrufai Those from Southerners that following northern in term of election .. absolutely they are bastard and their mother is whore according to his words,southern|southerner|southerners,,,,1,,,,,,,,,Haaya,,
331,3,@channelstv Muslim lawyers!? Is there anything like it? I thought this is Nigeria and not Northern and Southern Protectorates of Nigeria. Just kuku let this country split so we all go our separate ways. It's simple. Bunch of vultures!,southern|southerner|southerners,,,,,,,,,,,,,Haaya,,
286,0,"@ChidiOdinkalu He didn't say Southern NYSC females are whores but ARE SEEN as whores. That is PERCEPTION and perception is not always the fact or truth. Northern men in their conceit, believe Southern women are all about money and would do anything to get it. Sadly, it's a sweeping position.",southern|southerner|southerners,,,,,,,,,,,,,Haaya,,
35,1,"@MoghaluKingsley I can't believe this fucking idiot wrote these fucking filthy words. Sunusi is attention seeker ,he does everything to impress southerners and u can only do so by throwing dust in the eyes of northerners. So as far as I'm concerned, his words and yours are even.",southern|southerner|southerners,,,,,,,,,,,,,Haaya,,
89,3,"@AM_Saleeem @XEENNURAIN I see now.
If to say its arewa people hate southerners as they keep hating us 
Since years back there will be no more southerners . No more.
But we are just watching you Dogs
Time will come.",southern|southerner|southerners,,,,,,,,,,,,,Haaya,,
308,0,"I still wonder why the Bishops and the Vatican is yet to condemn and take action against the abduction, rape and incarceration of Igbo women of Christian faith by the Nigerian Army. We catholics in the Southern Nigeria are becoming less catholics everyday we are left alone to https://t.co/UoPFCv4Cac",southern|southerner|southerners,,,,,,,,,,,,,Haaya,,
455,0,"RT @SaharaReporters: BREAKING: Fulani, Atyap, Hausa Communities Agree To Embrace Peace In Southern Kaduna | Sahara Reporters https://t.co/g�",southern|southerner|southerners,,,,,,,,,,,,,Haaya,,
370,0,Hindu Fanatics Attack Christian Pastor in Southern�India https://t.co/Pu514cvM6D,southern|southerner|southerners,,,,,,,,,,,,,Haaya,,
386,3,"Nigerian Animal Farm: Monkey dey work, baboon dey�chop! Southerners dey work northerners dey chop lazy https://t.co/5qBH7UfAZS""",southern|southerner|southerners,,,,,,,,,,,,,Haaya,,
2,2,"@trending_medic I don't see it like that, I see it as the Southern side dragging the Northern side back to common sense. The political ideology of the North is plain stupid and demonic.",southern|southerner|southerners,,,1,,,,,,,,,,Haaya,,
48,3,"Ah u don pass my power =)) ""@Houb03: Mumu, we're 2geda. Its Soko/bankaura/wawa/shashasha""@taqeiyah: @Houb03 hausa girl pls wats idiot""""",women|woman|girl|girls|female|females,,,,,,,,,,,,,Haaya,,
556,0,"@Keny_Show G?rls- ur beaut?ful, fnks! U tOo! Buh guys- ur handsome, WTF! Am nt gay!",women|woman|girl|girls|female|females,,,,,,,,,,,,,Haaya,,
557,2,I just can't understand gay fucks. How can u love another man wearing women clothes its just so wrong!,women|woman|girl|girls|female|females,,,,,,,,,,1,,,Haaya,,
555,2,"RT @ivan_i94: They�re letting a transgender athlete compete in Tokyo but they banned Caster Semenya, a biological woman, from competing in�",women|woman|girl|girls|female|females,,,,,,,,,,1,,,Haaya,,
63,2,"U're high!""@seancaxton: Cc @fabQuetee *picksrace* RT @brownsugar_51: Cockroaches are attracted to yoruba girls""""",yoruba|yorubas,,,,,,,1,,1,,,,Haaya,,
543,0,"RT @Narfiu: I'M NOT IGBO
I'M NOT IGBO
I'M NOT IGBO
I'M NOT IGBO
I'M NOT IGBO
I'M A YORUBA BOY FROM ILORIN",yoruba|yorubas,,,,,,,,,,,,,Haaya,,
265,2,"Slut shamed herself cos her &amp; Tobi appeared as just friends. The way Tobi was acting in d house was why it didn�t work with Alex- he is a Yoruba demon, jumping frm 1woman to another, very few women can manage dat, even d low-self-esteem ones. Dislike CeeC or not, she carries hers https://t.co/QE0X74oLao",yoruba|yorubas,,,,,,,1,,,,,,Haaya,,
79,3,@wallaceonas Scared? Stop day dreaming. The Yoruba's that are not even united? Or the disgruntled elements called the Igbos that are parasites. That don't want to stay in their localities?,yoruba|yorubas,,,,,,,,,,,,,Haaya,,
9,1,Why are you guys vexing over a tribal bigot like Mr Jags as regards his tribal profiling of 5 stupid Igbo guys who robbed a Dubai store? His job entails being an APC tribal troll to fan the embers of hate and war between Igbo v Yoruba online. That's his life mission. Ignore him https://t.co/1VAdmhN4yc,yoruba|yorubas,,,,,,,,,,,,,Haaya,,
62,2,"""@Dmusicnerd: Ode.. @TWEETORACLE: Yoruba people or pigs?""�""Igbo people or cockroaches",yoruba|yorubas,,,,,,,1,1,,,,,Haaya,,
237,3,@jaywyse07 @Craig45867148 @OdudwaRepublic You be fool sha. Why I even try to educate you when a whole state governor name Na Ifanyi igbo name you dey here dey claim nonsense. Na people when plenty pass for state dey handle politics. Those Yoruba there Na minority when no plenty. Aboki you no wan hear word,yoruba|yorubas,,,,,,,,,,,,,Haaya,,
223,2,"@nwukoreva @malanta04 @SaharaReporters You are a big liar.
Igbo, Hausa and Yoruba are parasites and has never achieve anything without the other.",yoruba|yorubas,,,,,1,,1,1,,,,,Haaya,,
153,0,"@realFFK It has been long since I realized @Femi is a moron...
Of course president can suspend MTN,DSTV n SHOPRITE?But the question is what are the consequences?
Do you know the  majority of Nigerians working in such companies are southerners?
MTN----Yoruba (Obj engineered everything)
?",yoruba|yorubas,,,,,,,,,,,,,Haaya,,
376,2,"Fanatics everywhere. Please what makes Arabic language different from Yoruba, Ibo or Hausa language? Where are enslaving ourselves? Education is very important. Religion is being used to cage Northern Nigeria. So sad. https://t.co/I1dBcuTxlq",yoruba|yorubas,,1,1,,,,,,,,,,Haaya,,
389,0,"See Nigerian Baboon That Understands English, Igbo, Hausa, Yoruba (Watch Video)   https://t.co/w6kEzZ9U7q #newsnow #doxpost #NigeriaNews https://t.co/GWbfrkr7QP",yoruba|yorubas,,,,,,,,,,,,,Haaya,,
